original_size,hull_size,chamfer_distance,normal_consistency
189144,183841,0.296916072936524,0.5199786255789169
